盛夏未来,magnet:?xt=urn:btih:bc435e9243481f9da2b424a03d51158a80785481&dn=[电影天堂www.dytt89.com]盛夏未来-2021_HD国语中字V2.mp4&tr=http://t.t789.me:2710/announce&tr=http://t.t789.co:2710/announce&tr=http://t.t789.vip:2710/announce
Jungle Cruise,magnet:?xt=urn:btih:b2e11d76b404f96038be62f2780573e9442dd6f3&dn=[电影天堂www.dytt89.com]丛林奇航-2021_BD英语中字.mp4&tr=http://t.t789.me:2710/announce&tr=http://t.t789.co:2710/announce&tr=http://t.t789.vip:2710/announce
怒火,magnet:?xt=urn:btih:933ea1d7a3c8e0d8371b3b90751029b5402ef5af&dn=[电影天堂www.dytt89.com]怒火・重案-2021_4K国语中字.mp4&tr=http://t.t789.me:2710/announce&tr=http://t.t789.co:2710/announce&tr=http://t.t789.vip:2710/announce
Free Guy,magnet:?xt=urn:btih:b88851e0f1a1601cb9ca801140474b368a9ee48a&dn=[电影天堂www.dytt89.com]失控玩家-2021_BD中英双字精译版.mp4&tr=http://t.t789.me:2710/announce&tr=http://t.t789.co:2710/announce&tr=http://t.t789.vip:2710/announce
中国医生,magnet:?xt=urn:btih:9795a6b6a3f3ade9f4bfc623527830a2588ce683&dn=[电影天堂www.dytt89.com]中国医生-2021_4K国语中字.mp4&tr=http://t.t789.me:2710/announce&tr=http://t.t789.co:2710/announce&tr=http://t.t789.vip:2710/announce
&#3588;&#3609;&#3607;&#3619;&#3591;,magnet:?xt=urn:btih:c5d7786cc256ebac33691199594512eeb3cc8b27&dn=[电影天堂www.dytt89.com]灵媒-2021_HD韩版泰语中字.mp4&tr=http://t.t789.me:2710/announce&tr=http://t.t789.co:2710/announce&tr=http://t.t789.vip:2710/announce
龙虎武师,magnet:?xt=urn:btih:6ae9846168c4178a86e6b22d70deee895a0ac69d&dn=[电影天堂www.dytt89.com]龙虎武师-2020_HD国语中字.mp4&tr=http://t.t789.me:2710/announce&tr=http://t.t789.co:2710/announce&tr=http://t.t789.vip:2710/announce
Escape Room 2,magnet:?xt=urn:btih:f6492d09fbc4fd96a519f970a02bbcea320b1a17&dn=[电影天堂www.dytt89.com]密室逃生2-2021_HD中英双字.mp4&tr=http://t.t789.me:2710/announce&tr=http://t.t789.co:2710/announce&tr=http://t.t789.vip:2710/announce
白蛇2：青蛇劫起,magnet:?xt=urn:btih:a832bf067f9b88b7c73a0057532c514aebd55fc8&dn=[电影天堂www.dytt89.com]白蛇2：青蛇劫起-2021_HD国语中字.mp4&tr=http://t.t789.me:2710/announce&tr=http://t.t789.co:2710/announce&tr=http://t.t789.vip:2710/announce
刺杀小说家,magnet:?xt=urn:btih:2696ff56629257f266d99dff381f811cd5684c87&dn=[电影天堂www.dytt89.com]刺杀小说家-2021_BD国粤双语中字.mp4&tr=http://t.t789.me:2710/announce&tr=http://t.t789.co:2710/announce&tr=http://t.t789.vip:2710/announce
F9: The Fast Saga,magnet:?xt=urn:btih:ff405fccb8f7453df8ac2af9c006866c99c83e49&dn=[电影天堂www.dytt89.com]速度与激情9-2021_BD国英双语中字.mp4&tr=http://t.t789.me:2710/announce&tr=http://t.t789.co:2710/announce&tr=http://t.t789.vip:2710/announce
Raya and The Last Dragon,magnet:?xt=urn:btih:65c51f0fd74138fb0e8942d067bd736cdc500ebf&dn=[电影天堂www.dytt89.com]寻龙传说-2021_BD国英双语中英双字.mp4&tr=http://t.t789.me:2710/announce&tr=http://t.t789.co:2710/announce&tr=http://t.t789.vip:2710/announce
西游记之再世妖王,magnet:?xt=urn:btih:c957855662230d4e927f196ae25f50a406c0d871&dn=西游记之再世妖王-2021_HD国语中字.mp4&tr=http://t.t789.me:2710/announce&tr=http://t.t789.co:2710/announce&tr=http://t.t789.vip:2710/announce
Wrath of Man,magnet:?xt=urn:btih:41d394e533e9e0f0ffd46b7da41296f07aa4ce16&dn=[电影天堂www.dytt89.com]人之怒-2021_BD国英双语特效中英双字.mp4&tr=http://t.t789.me:2710/announce&tr=http://t.t789.co:2710/announce&tr=http://t.t789.vip:2710/announce
The Suicide Squad,magnet:?xt=urn:btih:491858f30daa9b0c727137f74244acecaabac5b9&dn=[电影天堂www.dytt89.com]X特遣队：全员集结-2021_BD特效中英双字.mp4&tr=http://t.t789.me:2710/announce&tr=http://t.t789.co:2710/announce&tr=http://t.t789.vip:2710/announce
